name,location,willSplit,wontSplit
In Ornare Sagittis PC,Merbes-Sainte-Marie,5542,631
Non Dui Limited,Mâcon,1847,2913
Sit Amet Incorporated,Port Nolloth,8462,4352
Libero Nec Ligula Inc.,Geertruidenberg,2799,9421
Libero Lacus Associates,Serangoon,7185,831
Senectus Et LLP,Puerto Princesa,7221,2485
Vulputate Posuere Vulputate Institute,Long Xuyên,4918,1774
Nec Leo Morbi Corporation,Quesada,5740,3765
Donec Company,Laakirchen,6778,7135
Eu Sem Incorporated,Belfast,9705,3059
Dolor Sit Amet Associates,Belfast,8280,2716
Tellus Industries,Bengkulu,3635,7606
Nulla LLC,Memphis,6077,9947
Magna Ltd,Knittelfeld,8770,536
Diam Lorem Foundation,Nicoya,4615,9866
Ultrices Consulting,Vigan,522,3237
Auctor Ullamcorper Limited,Blenheim,7808,7477
Aliquam Gravida Mauris Limited,Toba Tek Singh,3658,3358
Curabitur Massa Vestibulum Corp.,Tarnów,1826,1645
Vel Limited,Le Havre,9873,3785
Nunc Institute,Develi,317,5103
Cras Lorem Lorem Incorporated,Guysborough,8350,8365
Amet Dapibus PC,Limón (Puerto Limón],2642,8033
Auctor Quis Institute,Jemappes,535,3721
Sed Et Industries,Zamboanga City,7003,6874
Cras Dolor Limited,Khmelnytskyi,8156,987
Donec Est Corporation,Göksun,9351,2222
Felis Ullamcorper Viverra Associates,Sylvan Lake,9298,3983
Mauris Ut PC,Huesca,962,1383
Lacus Ut Nec Foundation,Ang Mo Kio,7296,7840
Ullamcorper Velit Inc.,Assen,1772,5918
Nunc PC,Toltén,258,8200
Tristique Aliquet Institute,North-Eastern Islands,692,2863
Nulla Eu Industries,Stafford,603,9751
Gravida Molestie Arcu Incorporated,Feira de Santana,7592,2025
Ligula Aenean Industries,Livorno,1573,5761
Nec Ante Industries,Murmansk,1055,272
Ligula Inc.,Hainan,7482,3580
Lacinia Sed Congue Associates,Miramichi,3812,2414
Quis Urna Nunc LLC,Jecheon,4166,9419
Enim Foundation,Raipur,4861,3561
Eget Dictum Ltd,Jeonju,8129,811
Nonummy Ipsum Non Limited,Braunau am Inn,3430,6988
Natoque Penatibus Industries,Senneville,7952,6904
Ipsum Suspendisse Foundation,Kapiti,8525,9967
Euismod Enim Ltd,Boksburg,6030,8808
Egestas PC,Sortland,5269,2076
Sem Vitae Aliquam Limited,Việt Trì,197,8085
Et Libero Proin Foundation,Korosten,7725,723
Volutpat Ltd,Sevilla,6899,2769
Orci Consectetuer Ltd,Canoas,8891,654
Cum LLP,Førde,7265,7426
Rutrum Lorem Company,Iloilo City,8121,5591
Sed Pharetra Felis Inc.,Kędzierzyn-Koźle,7062,5106
Risus Donec Incorporated,Gansu,1906,2480
Mauris Blandit Consulting,Dublin,644,6663
Magna Corp.,Haridwar,3035,5605
Tristique Aliquet Corp.,Hilversum,1258,6034
Lacus Pede Incorporated,Voronezh,2387,2164
Rutrum Justo Ltd,Loncoche,5825,7729
Parturient LLP,Empangeni,7692,6674
Molestie Pharetra Incorporated,Vilcún,3044,2949
Tempor Est Associates,Great Falls,4379,2449
Ac PC,Vigo,6415,5462
Orci Ut Industries,Scheggino,1946,7641
Egestas Consulting,Linz,4452,5140
Dolor Elit Pellentesque Associates,Balclutha,9991,792
Sapien Molestie Ltd,Sungei Kadut,9583,283
Felis Adipiscing Fringilla LLP,Tuguegarao,9832,7326
Mollis Duis Industries,Pontypridd,9082,3595
Ipsum Dolor LLP,Starachowice,3820,1424
Eu Nibh Vulputate Limited,Tranås,2999,4518
Molestie Tellus Company,Magangué,4857,5736
Egestas Corp.,Krefeld,7389,6851
Amet Ultricies Limited,Sankt Ingbert,3195,9963
Erat PC,Åkrehamn,2377,2599
Egestas A Scelerisque Foundation,Walsall,5519,8900
Natoque Penatibus Incorporated,Bajaur Agency,3272,9856
Semper Institute,Cusco,6095,9137
Mauris Integer Sem Ltd,Fujian,4948,8490
Cras Convallis LLP,Kędzierzyn-Koźle,5511,2469
Sed Congue Incorporated,Bowling Green,8630,7971
Ultrices Duis Ltd,Vlissegem,9395,2470
Semper Cursus Integer Incorporated,Akhisar,1321,2243
Morbi Vehicula PC,Batangas City,4413,5729
Curae Donec Foundation,Saratov,3508,4164
Non Magna Associates,Jaén,778,2354
Pede Blandit Inc.,Hervey Bay,8846,2758
At Foundation,Anápolis,6453,2980
Senectus Et Netus Corporation,Ruisbroek,4900,1083
Pellentesque Foundation,Darwin,9842,4650
Nec Tempus LLC,Cholet,4785,8250
Curae Phasellus Ornare Corporation,Wokingham,9794,9958
Pellentesque PC,Arequipa,1311,6080
Ac Sem PC,Lidköping,9139,8482
Turpis In Condimentum Limited,Stratford,104,7204
Est Congue A LLC,Tuyên Quang,2394,4476
Vitae Nibh Institute,Lelystad,5560,6037
Leo Morbi Neque Inc.,Tengah,7872,2225
Dictum Magna Incorporated,Kavaratti,4463,6884
